canonical_id,exchange,symbol,multiplier,listed_at,delisted_at,status,funding_interval_hours
0G,binance,0GUSDT,1,2025-09-17,,trading,4
1INCH,binance,1INCHUSDT,1,2020-12-25,,trading,8
2Z,binance,2ZUSDT,1,2025-10-02,,trading,4
4,binance,4USDT,1,2025-10-08,,trading,4
42,binance,42USDT,1,2025-10-27,,delisted,8
A,binance,AUSDT,1,2025-05-28,,trading,4
A2Z,binance,A2ZUSDT,1,2025-07-30,,delisted,8
AAVE,binance,AAVEUSDT,1,2020-10-16,,trading,8
ACE,binance,ACEUSDT,1,2023-12-18,,trading,4
ACH,binance,ACHUSDT,1,2023-02-21,,trading,8
ACT,binance,ACTUSDT,1,2024-11-11,,trading,4
ACU,binance,ACUUSDT,1,2026-01-21,,trading,4
ACX,binance,ACXUSDT,1,2024-12-06,,trading,4
ADA,binance,ADAUSDT,1,2020-01-31,,trading,8
AERGO,binance,AERGOUSDT,1,2025-04-16,,trading,4
AERO,binance,AEROUSDT,1,2024-12-04,,trading,4
AEVO,binance,AEVOUSDT,1,2024-03-13,,trading,4
AGIX,binance,AGIXUSDT,1,2023-02-15,,delisted,8
AGLD,binance,AGLDUSDT,1,2023-07-29,,trading,8
AGT,binance,AGTUSDT,1,2025-05-20,,trading,4
AI,binance,AIUSDT,1,2024-01-08,,delisted,8
AI16Z,binance,AI16ZUSDT,1,2025-01-02,,delisted,8
AIA,binance,AIAUSDT,1,2026-01-20,,trading,4
AIGENSYN,binance,AIGENSYNUSDT,1,2026-04-29,,trading,4
AIN,binance,AINUSDT,1,2025-07-10,,trading,4
AIO,binance,AIOUSDT,1,2025-08-13,,trading,4
AIOT,binance,AIOTUSDT,1,2025-04-30,,trading,4
AIXBT,binance,AIXBTUSDT,1,2024-12-20,,trading,4
AKE,binance,AKEUSDT,1,2025-09-26,,trading,4
AKRO,binance,AKROUSDT,1,,,delisted,8
AKT,binance,AKTUSDT,1,2024-11-18,,trading,4
ALCH,binance,ALCHUSDT,1,2025-01-07,,trading,4
ALGO,binance,ALGOUSDT,1,2020-06-16,,trading,8
ALICE,binance,ALICEUSDT,1,2021-03-15,,trading,4
ALL,binance,ALLUSDT,1,2025-08-06,,trading,8
ALLO,binance,ALLOUSDT,1,2025-11-11,,trading,4
ALPACA,binance,ALPACAUSDT,1,2024-08-22,,delisted,8
ALPHA,binance,ALPHAUSDT,1,2020-11-23,,delisted,8
ALPINE,binance,ALPINEUSDT,1,2025-05-06,,trading,4
ALT,binance,ALTUSDT,1,2024-01-25,,trading,4
AMB,binance,AMBUSDT,1,2023-03-29,,delisted,8
ANC,binance,ANCUSDT,1,,,delisted,8
ANIME,binance,ANIMEUSDT,1,2025-01-23,,trading,4
ANKR,binance,ANKRUSDT,1,2021-01-25,,trading,4
ANT,binance,ANTUSDT,1,,,delisted,8
APE,binance,APEUSDT,1,2022-03-17,,trading,8
API3,binance,API3USDT,1,2022-02-21,,trading,4
APR,binance,APRUSDT,1,2025-10-23,,trading,4
APT,binance,APTUSDT,1,2022-10-18,,trading,8
AR,binance,ARUSDT,1,2021-09-28,,trading,8
ARB,binance,ARBUSDT,1,2023-03-23,,trading,8
ARC,binance,ARCUSDT,1,2025-01-17,,trading,4
ARIA,binance,ARIAUSDT,1,2025-09-03,,trading,4
ARK,binance,ARKUSDT,1,2023-09-19,,trading,4
ARKM,binance,ARKMUSDT,1,2023-07-28,,trading,8
ARPA,binance,ARPAUSDT,1,2021-10-18,,trading,8
ARX,binance,ARXUSDT,1,2026-06-23,,trading,4
ASR,binance,ASRUSDT,1,2025-05-06,,trading,4
ASTER,binance,ASTERUSDT,1,2025-09-19,,trading,4
ASTR,binance,ASTRUSDT,1,2023-02-13,,trading,8
AT,binance,ATUSDT,1,2025-10-29,,trading,4
ATA,binance,ATAUSDT,1,2021-08-30,,delisted,8
ATH,binance,ATHUSDT,1,2025-04-02,,trading,4
ATOM,binance,ATOMUSDT,1,2020-02-07,,trading,8
AUCTION,binance,AUCTIONUSDT,1,2023-12-15,,trading,4
AUDIO,binance,AUDIOUSDT,1,,,delisted,8
AVA,binance,AVAUSDT,1,2024-12-13,,trading,4
AVAAI,binance,AVAAIUSDT,1,2025-01-17,,trading,4
AVAX,binance,AVAXUSDT,1,2020-09-23,,trading,8
AVNT,binance,AVNTUSDT,1,2025-09-09,,trading,4
AWE,binance,AWEUSDT,1,2025-05-21,,trading,4
AXL,binance,AXLUSDT,1,2024-03-01,,trading,4
AXS,binance,AXSUSDT,1,2020-11-20,,trading,4
AZTEC,binance,AZTECUSDT,1,2026-02-11,,trading,4
B,binance,BUSDT,1,2025-05-22,,trading,4
B2,binance,B2USDT,1,2025-05-06,,trading,4
B3,binance,B3USDT,1,2025-02-13,,delisted,8
BABY,binance,BABYUSDT,1,2025-04-05,,trading,4
BABYDOGE,binance,1MBABYDOGEUSDT,1000000,2024-09-16,,trading,4
BADGER,binance,BADGERUSDT,1,2023-11-09,,delisted,8
BAKE,binance,BAKEUSDT,1,2021-05-18,,delisted,8
BAL,binance,BALUSDT,1,2020-09-01,,delisted,8
BAN,binance,BANUSDT,1,2024-11-18,,trading,4
BANANA,binance,BANANAUSDT,1,2024-08-15,,trading,4
BANANAS31,binance,BANANAS31USDT,1,2025-03-22,,trading,4
BAND,binance,BANDUSDT,1,2020-07-29,,trading,8
BANK,binance,BANKUSDT,1,2025-04-18,,trading,4
BARD,binance,BARDUSDT,1,2025-09-18,,trading,4
BAS,binance,BASUSDT,1,2025-08-26,,trading,4
BASED,binance,BASEDUSDT,1,2026-03-30,,trading,4
BAT,binance,BATUSDT,1,2020-02-13,,trading,8
BB,binance,BBUSDT,1,2024-05-13,,trading,4
BCH,binance,BCHUSDT,1,2019-12-19,,trading,8
BDXN,binance,BDXNUSDT,1,,,delisted,8
BEAMX,binance,BEAMXUSDT,1,2023-11-17,,trading,4
BEAT,binance,BEATUSDT,1,2025-11-12,,trading,4
BEL,binance,BELUSDT,1,2020-11-18,,trading,8
BERA,binance,BERAUSDT,1,2025-02-06,,trading,4
BICO,binance,BICOUSDT,1,2023-09-28,,trading,8
BID,binance,BIDUSDT,1,2025-03-20,,delisted,8
BIGTIME,binance,BIGTIMEUSDT,1,2023-10-12,,trading,4
BILL,binance,BILLUSDT,1,2026-05-07,,trading,4
BIO,binance,BIOUSDT,1,2025-01-03,,trading,4
BIRB,binance,BIRBUSDT,1,2026-01-29,,trading,4
BLESS,binance,BLESSUSDT,1,2025-09-23,,trading,4
BLUAI,binance,BLUAIUSDT,1,2025-10-21,,trading,4
BLUEBIRD,binance,BLUEBIRDUSDT,1,,,delisted,8
BLUR,binance,BLURUSDT,1,2023-04-27,,trading,4
BLZ,binance,BLZUSDT,1,2020-09-17,,delisted,8
BMT,binance,BMTUSDT,1,2025-03-17,,trading,4
BNB,binance,BNBUSDT,1,2020-02-10,,trading,8
BNT,binance,BNTUSDT,1,2023-08-10,,trading,8
BNX,binance,BNXUSDT,1,2023-02-22,,delisted,8
BOB,binance,1000000BOBUSDT,1000000,2025-06-05,,trading,4
BOB-BOBUSDT,binance,BOBUSDT,1,2025-11-21,,delisted,8
BOME,binance,BOMEUSDT,1,2024-03-16,,trading,4
BOND,binance,BONDUSDT,1,2023-10-15,,delisted,8
BONK,binance,1000BONKUSDT,1000,2023-11-22,,trading,4
BR,binance,BRUSDT,1,2025-03-21,,trading,4
BRETT,binance,BRETTUSDT,1,2024-08-20,,trading,4
BREV,binance,BREVUSDT,1,2025-12-30,,trading,4
BROCCOLI714,binance,BROCCOLI714USDT,1,2025-03-21,,trading,4
BROCCOLIF3B,binance,BROCCOLIF3BUSDT,1,2025-03-21,,trading,4
BSB,binance,BSBUSDT,1,2026-03-25,,trading,4
BSV,binance,BSVUSDT,1,2023-10-20,,trading,4
BSW,binance,BSWUSDT,1,2024-09-05,,delisted,8
BTC,binance,BTCUSDT,1,2019-09-08,,trading,8
BTCDOM,binance,BTCDOMUSDT,1,2021-06-17,,trading,8
BTCST,binance,BTCSTUSDT,1,2021-03-03,,delisted,8
BTR,binance,BTRUSDT,1,2025-08-27,,trading,4
BTS,binance,BTSUSDT,1,,,delisted,8
BTT,binance,BTTUSDT,1,,,delisted,8
BTTC,binance,1000BTTCUSDT,1000,,,delisted,8
BTW,binance,BTWUSDT,1,2026-06-04,,trading,4
BULLA,binance,BULLAUSDT,1,2025-07-04,,trading,4
BZRX,binance,BZRXUSDT,1,,,delisted,8
C,binance,CUSDT,1,2025-07-15,,trading,4
C98,binance,C98USDT,1,2021-08-23,,trading,8
CAKE,binance,CAKEUSDT,1,2023-11-02,,trading,4
CAP,binance,CAPUSDT,1,2026-06-27,,trading,4
CARV,binance,CARVUSDT,1,2025-08-07,,trading,4
CAT,binance,1000CATUSDT,1000,2024-10-21,,trading,4
CATI,binance,CATIUSDT,1,2024-09-20,,trading,4
CC,binance,CCUSDT,1,2025-10-31,,trading,4
CELO,binance,CELOUSDT,1,2021-09-26,,trading,8
CELR,binance,CELRUSDT,1,2021-03-29,,trading,8
CETUS,binance,CETUSUSDT,1,2024-11-06,,trading,4
CFG,binance,CFGUSDT,1,2026-03-16,,trading,4
CFX,binance,CFXUSDT,1,2023-02-19,,trading,8
CGPT,binance,CGPTUSDT,1,2024-12-20,,trading,4
CHEEMS,binance,1000CHEEMSUSDT,1000,2024-11-25,,trading,4
CHESS,binance,CHESSUSDT,1,2024-08-29,,delisted,8
CHILLGUY,binance,CHILLGUYUSDT,1,2024-11-27,,trading,4
CHIP,binance,CHIPUSDT,1,2026-04-16,,trading,4
CHR,binance,CHRUSDT,1,2021-03-12,,trading,8
CHZ,binance,CHZUSDT,1,2021-01-21,,trading,8
CKB,binance,CKBUSDT,1,2023-02-27,,trading,8
CLANKER,binance,CLANKERUSDT,1,2025-11-12,,trading,4
CLO,binance,CLOUSDT,1,2025-10-14,,trading,4
COAI,binance,COAIUSDT,1,2025-09-25,,trading,4
COCOS,binance,COCOSUSDT,1,,,delisted,8
COLLECT,binance,COLLECTUSDT,1,2025-12-31,,trading,4
COMBO,binance,COMBOUSDT,1,2023-06-02,,delisted,8
COMMON,binance,COMMONUSDT,1,2025-10-27,,delisted,8
COMP,binance,COMPUSDT,1,2020-06-30,,trading,8
COOKIE,binance,COOKIEUSDT,1,2025-01-07,,trading,4
COS,binance,COSUSDT,1,2024-09-30,,delisted,8
COTI,binance,COTIUSDT,1,2021-03-09,,trading,8
COW,binance,COWUSDT,1,2024-11-06,,trading,4
CROSS,binance,CROSSUSDT,1,2025-07-10,,trading,4
CRV,binance,CRVUSDT,1,2020-09-01,,trading,8
CTK,binance,CTKUSDT,1,2025-04-30,,trading,4
CTR,binance,CTRUSDT,1,2026-05-28,,trading,4
CTSI,binance,CTSIUSDT,1,2021-10-25,,trading,8
CUDIS,binance,CUDISUSDT,1,2025-08-20,,delisted,8
CVC,binance,CVCUSDT,1,2025-05-16,,trading,4
CVX,binance,CVXUSDT,1,2025-07-23,,trading,4
CYBER,binance,CYBERUSDT,1,2023-08-21,,trading,4
CYS,binance,CYSUSDT,1,2025-12-12,,trading,4
D,binance,DUSDT,1,2025-01-09,,delisted,8
DAM,binance,DAMUSDT,1,2025-08-18,,delisted,8
DAR,binance,DARUSDT,1,2022-04-28,,delisted,8
DASH,binance,DASHUSDT,1,2020-02-04,,trading,8
DATAIP,binance,DATAIPUSDT,1,2026-07-03,,trading,4
DEEP,binance,DEEPUSDT,1,2025-04-22,,trading,4
DEFI,binance,DEFIUSDT,1,2020-08-28,,delisted,8
DEGEN,binance,DEGENUSDT,1,2024-11-15,,delisted,8
DEGO,binance,DEGOUSDT,1,2024-12-13,,delisted,8
DENT,binance,DENTUSDT,1,2021-03-23,,delisted,8
DEXE,binance,DEXEUSDT,1,2024-12-24,,trading,4
DF,binance,DFUSDT,1,2024-12-30,,delisted,8
DGB,binance,DGBUSDT,1,2021-04-19,,delisted,8
DIA,binance,DIAUSDT,1,2024-10-02,,trading,4
DMC,binance,DMCUSDT,1,2025-06-24,,delisted,8
DODO,binance,DODOUSDT,1,,,delisted,8
DODOX,binance,DODOXUSDT,1,2023-08-08,,trading,4
DOGE,binance,DOGEUSDT,1,2020-07-10,,trading,8
DOGS,binance,DOGSUSDT,1,2024-08-26,,trading,4
DOLO,binance,DOLOUSDT,1,2025-05-01,,trading,4
DOOD,binance,DOODUSDT,1,2025-05-09,,trading,4
DOT,binance,DOTUSDT,1,2020-08-22,,trading,8
DOTECO,binance,DOTECOUSDT,1,,,delisted,8
DRIFT,binance,DRIFTUSDT,1,2024-11-08,,trading,4
DUSK,binance,DUSKUSDT,1,2022-01-06,,trading,4
DYDX,binance,DYDXUSDT,1,2021-09-09,,trading,8
DYM,binance,DYMUSDT,1,2024-02-07,,trading,4
EDEN,binance,EDENUSDT,1,2025-09-30,,trading,4
EDGE,binance,EDGEUSDT,1,2026-03-19,,trading,4
EDU,binance,EDUUSDT,1,2023-04-28,,trading,8
EGLD,binance,EGLDUSDT,1,2020-09-14,,trading,8
EIGEN,binance,EIGENUSDT,1,2024-10-01,,trading,4
ELSA,binance,ELSAUSDT,1,2026-01-22,,trading,4
ENA,binance,ENAUSDT,1,2024-04-02,,trading,4
ENJ,binance,ENJUSDT,1,2020-09-29,,trading,4
ENS,binance,ENSUSDT,1,2021-11-29,,trading,8
ENSO,binance,ENSOUSDT,1,2025-10-14,,trading,4
EOS,binance,EOSUSDT,1,,,delisted,8
EPIC,binance,EPICUSDT,1,2025-03-13,,trading,4
EPT,binance,EPTUSDT,1,2025-04-21,,delisted,8
ERA,binance,ERAUSDT,1,2025-07-17,,trading,4
ESP,binance,ESPUSDT,1,2026-02-10,,trading,4
ESPORTS,binance,ESPORTSUSDT,1,2025-07-29,,trading,1
ETC,binance,ETCUSDT,1,2020-01-16,,trading,8
ETH,binance,ETHUSDT,1,2019-11-27,,trading,8
ETHFI,binance,ETHFIUSDT,1,2024-03-18,,trading,4
ETHW,binance,ETHWUSDT,1,2023-11-28,,trading,4
EUL,binance,EULUSDT,1,2025-10-13,,trading,4
EVAA,binance,EVAAUSDT,1,2025-10-03,,trading,4
F,binance,FUSDT,1,2025-06-18,,trading,4
FARTCOIN,binance,FARTCOINUSDT,1,2024-12-20,,trading,4
FET,binance,FETUSDT,1,2023-01-15,,trading,8
FF,binance,FFUSDT,1,2025-09-29,,trading,4
FHE,binance,FHEUSDT,1,2025-04-12,,trading,4
FIDA,binance,FIDAUSDT,1,2024-09-19,,trading,4
FIGHT,binance,FIGHTUSDT,1,2026-01-23,,trading,4
FIL,binance,FILUSDT,1,2020-10-16,,trading,8
FIO,binance,FIOUSDT,1,2024-09-20,,delisted,8
FIS,binance,FISUSDT,1,2025-04-25,,delisted,8
FLM,binance,FLMUSDT,1,2020-09-29,,delisted,8
FLOCK,binance,FLOCKUSDT,1,2025-09-09,,trading,4
FLOKI,binance,1000FLOKIUSDT,1000,2023-05-06,,trading,8
FLOW,binance,FLOWUSDT,1,2022-02-09,,trading,4
FLUID,binance,FLUIDUSDT,1,2025-09-24,,trading,4
FLUX,binance,FLUXUSDT,1,2024-09-03,,trading,4
FOGO,binance,FOGOUSDT,1,2026-01-10,,trading,4
FOLKS,binance,FOLKSUSDT,1,2025-11-06,,trading,4
FOOTBALL,binance,FOOTBALLUSDT,1,,,delisted,8
FORM,binance,FORMUSDT,1,2025-03-19,,trading,4
FORTH,binance,FORTHUSDT,1,2025-04-08,,delisted,8
FRAX,binance,FRAXUSDT,1,2026-01-15,,trading,4
FRONT,binance,FRONTUSDT,1,,,delisted,8
FTM,binance,FTMUSDT,1,2020-09-24,,delisted,8
FTT,binance,FTTUSDT,1,2022-04-14,,delisted,8
FUN,binance,FUNUSDT,1,2025-03-31,,delisted,8
FXS,binance,FXSUSDT,1,2023-01-19,,delisted,8
G,binance,GUSDT,1,2024-08-15,,trading,4
GAIB,binance,GAIBUSDT,1,2025-11-20,,delisted,8
GAL,binance,GALUSDT,1,,,delisted,8
GALA,binance,GALAUSDT,1,2021-09-17,,trading,8
GAS,binance,GASUSDT,1,2023-10-25,,trading,4
GENIUS,binance,GENIUSUSDT,1,2026-04-16,,trading,4
GHST,binance,GHSTUSDT,1,2024-09-23,,delisted,8
GIGGLE,binance,GIGGLEUSDT,1,2025-10-09,,trading,4
GLM,binance,GLMUSDT,1,2024-02-22,,trading,4
GLMR,binance,GLMRUSDT,1,2023-09-26,,delisted,8
GMT,binance,GMTUSDT,1,2022-03-14,,trading,4
GMX,binance,GMXUSDT,1,2023-02-16,,trading,8
GOAT,binance,GOATUSDT,1,2024-10-24,,trading,4
GPS,binance,GPSUSDT,1,2025-02-17,,trading,4
GRAM,binance,GRAMUSDT,1,2026-07-02,,trading,4
GRASS,binance,GRASSUSDT,1,2024-11-08,,trading,4
GRIFFAIN,binance,GRIFFAINUSDT,1,2025-01-02,,trading,4
GRT,binance,GRTUSDT,1,2020-12-18,,trading,8
GTC,binance,GTCUSDT,1,2021-03-15,,trading,8
GUA,binance,GUAUSDT,1,2025-12-21,,trading,4
GUN,binance,GUNUSDT,1,2025-03-31,,trading,4
GWEI,binance,GWEIUSDT,1,2026-01-29,,trading,1
H,binance,HUSDT,1,2025-06-25,,trading,4
HAEDAL,binance,HAEDALUSDT,1,2025-05-01,,trading,4
HANA,binance,HANAUSDT,1,2025-09-26,,trading,4
HBAR,binance,HBARUSDT,1,2021-03-17,,trading,8
HEI,binance,HEIUSDT,1,2025-02-13,,trading,4
HEMI,binance,HEMIUSDT,1,2025-08-29,,trading,4
HFT,binance,HFTUSDT,1,2023-04-05,,trading,8
HIFI,binance,HIFIUSDT,1,2023-09-16,,delisted,8
HIGH,binance,HIGHUSDT,1,2023-02-03,,delisted,8
HIPPO,binance,HIPPOUSDT,1,2024-11-13,,delisted,8
HIVE,binance,HIVEUSDT,1,2024-12-23,,trading,4
HMSTR,binance,HMSTRUSDT,1,2024-09-26,,trading,4
HNT,binance,HNTUSDT,1,,,delisted,8
HOLO,binance,HOLOUSDT,1,2025-09-11,,trading,4
HOME,binance,HOMEUSDT,1,2025-06-10,,trading,4
HOOK,binance,HOOKUSDT,1,2023-01-19,,delisted,8
HOT,binance,HOTUSDT,1,2021-03-30,,trading,8
HUMA,binance,HUMAUSDT,1,2025-05-26,,trading,4
HYPE,binance,HYPEUSDT,1,2025-05-30,,trading,4
HYPER,binance,HYPERUSDT,1,2025-04-22,,trading,4
ICNT,binance,ICNTUSDT,1,2025-07-03,,trading,4
ICP,binance,ICPUSDT,1,2021-07-30,,trading,8
ICX,binance,ICXUSDT,1,2020-09-15,,trading,4
ID,binance,IDUSDT,1,2023-03-23,,trading,4
IDEX,binance,IDEXUSDT,1,2023-05-02,,delisted,8
IDOL,binance,IDOLUSDT,1,2025-07-04,,trading,4
ILV,binance,ILVUSDT,1,2023-11-10,,trading,4
IMX,binance,IMXUSDT,1,2022-02-10,,trading,4
IN,binance,INUSDT,1,2025-08-07,,trading,4
INIT,binance,INITUSDT,1,2025-04-16,,trading,4
INJ,binance,INJUSDT,1,2022-08-16,,trading,8
INX,binance,INXUSDT,1,2026-01-30,,trading,4
IO,binance,IOUSDT,1,2024-06-11,,trading,4
IOST,binance,IOSTUSDT,1,2020-02-21,,trading,8
IOTA,binance,IOTAUSDT,1,2020-02-12,,trading,8
IOTX,binance,IOTXUSDT,1,2021-08-11,,trading,8
IP,binance,IPUSDT,1,2025-02-13,,delisted,8
IR,binance,IRUSDT,1,2025-12-21,,delisted,8
IRYS,binance,IRYSUSDT,1,2025-11-26,,trading,4
JASMY,binance,JASMYUSDT,1,2022-04-19,,trading,8
JCT,binance,JCTUSDT,1,2025-11-10,,trading,4
JELLYJELLY,binance,JELLYJELLYUSDT,1,2025-03-26,,trading,4
JOE,binance,JOEUSDT,1,2023-03-28,,trading,8
JST,binance,JSTUSDT,1,2025-04-28,,trading,4
JTO,binance,JTOUSDT,1,2023-12-08,,trading,4
JUP,binance,JUPUSDT,1,2024-01-31,,trading,4
KAIA,binance,KAIAUSDT,1,2024-12-04,,trading,4
KAITO,binance,KAITOUSDT,1,2025-02-20,,trading,4
KAS,binance,KASUSDT,1,2023-11-17,,trading,4
KAT,binance,KATUSDT,1,2026-03-02,,trading,4
KAVA,binance,KAVAUSDT,1,2020-07-28,,trading,4
KDA,binance,KDAUSDT,1,2024-09-18,,delisted,8
KEEP,binance,KEEPUSDT,1,,,delisted,8
KERNEL,binance,KERNELUSDT,1,2025-04-14,,trading,4
KEY,binance,KEYUSDT,1,2023-05-23,,delisted,8
KGEN,binance,KGENUSDT,1,2025-10-07,,trading,4
KITE,binance,KITEUSDT,1,2025-10-29,,trading,4
KLAY,binance,KLAYUSDT,1,2021-10-11,,delisted,8
KMNO,binance,KMNOUSDT,1,2024-12-20,,trading,4
KNC,binance,KNCUSDT,1,2020-06-22,,trading,8
KOMA,binance,KOMAUSDT,1,2024-12-10,,trading,4
KSM,binance,KSMUSDT,1,2020-10-14,,trading,8
LA,binance,LAUSDT,1,2025-06-05,,trading,4
LAB,binance,LABUSDT,1,2025-10-17,,trading,4
LAYER,binance,LAYERUSDT,1,2025-02-11,,trading,4
LDO,binance,LDOUSDT,1,2022-09-21,,trading,8
LEND,binance,LENDUSDT,1,,,delisted,8
LEVER,binance,LEVERUSDT,1,2023-03-29,,delisted,8
LIGHT,binance,LIGHTUSDT,1,2025-09-27,,trading,4
LINA,binance,LINAUSDT,1,2021-03-17,,delisted,8
LINEA,binance,LINEAUSDT,1,2025-09-01,,trading,4
LINK,binance,LINKUSDT,1,2020-01-17,,trading,8
LISTA,binance,LISTAUSDT,1,2024-06-20,,trading,4
LIT,binance,LITUSDT,1,2025-12-23,,trading,4
LOKA,binance,LOKAUSDT,1,2024-09-24,,delisted,8
LOOM,binance,LOOMUSDT,1,2023-10-11,,delisted,8
LPT,binance,LPTUSDT,1,2021-11-10,,trading,4
LQTY,binance,LQTYUSDT,1,2023-03-08,,trading,8
LRC,binance,LRCUSDT,1,2020-10-19,,delisted,8
LSK,binance,LSKUSDT,1,2024-01-25,,trading,4
LTC,binance,LTCUSDT,1,2020-01-09,,trading,8
LUMIA,binance,LUMIAUSDT,1,2024-12-18,,trading,4
LUNA,binance,LUNAUSDT,1,,,delisted,8
LUNA2,binance,LUNA2USDT,1,2022-09-09,,trading,4
LUNC,binance,1000LUNCUSDT,1000,2022-09-08,,trading,8
LYN,binance,LYNUSDT,1,2025-10-06,,trading,4
M,binance,MUSDT,1,2025-07-07,,trading,4
MAGIC,binance,MAGICUSDT,1,2023-01-23,,trading,4
MAGMA,binance,MAGMAUSDT,1,2025-12-31,,trading,4
MANA,binance,MANAUSDT,1,2021-03-14,,trading,8
MANTA,binance,MANTAUSDT,1,2024-01-18,,trading,4
MANTRA,binance,MANTRAUSDT,1,2026-03-04,,trading,4
MASK,binance,MASKUSDT,1,2021-07-16,,trading,4
MATIC,binance,MATICUSDT,1,,,delisted,8
MAV,binance,MAVUSDT,1,2023-06-29,,trading,8
MAVIA,binance,MAVIAUSDT,1,2025-03-26,,trading,4
MBL,binance,MBLUSDT,1,,,delisted,8
MBOX,binance,MBOXUSDT,1,2024-08-28,,delisted,8
MDT,binance,MDTUSDT,1,2023-06-30,,delisted,8
ME,binance,MEUSDT,1,2024-12-10,,trading,4
MEGA,binance,MEGAUSDT,1,2026-01-30,,trading,4
MELANIA,binance,MELANIAUSDT,1,2025-01-20,,trading,4
MEME,binance,MEMEUSDT,1,2023-11-03,,trading,4
MEMEFI,binance,MEMEFIUSDT,1,2025-04-25,,delisted,8
MERL,binance,MERLUSDT,1,2025-05-29,,trading,4
MET,binance,METUSDT,1,2025-10-11,,trading,4
METIS,binance,METISUSDT,1,2024-03-12,,trading,4
MEW,binance,MEWUSDT,1,2024-06-17,,trading,4
MILK,binance,MILKUSDT,1,2025-05-06,,delisted,8
MINA,binance,MINAUSDT,1,2023-02-03,,trading,8
MIRA,binance,MIRAUSDT,1,2025-09-26,,trading,4
MITO,binance,MITOUSDT,1,2025-08-28,,trading,4
MKR,binance,MKRUSDT,1,2020-08-13,,delisted,8
MLN,binance,MLNUSDT,1,2025-03-31,,delisted,8
MMT,binance,MMTUSDT,1,2025-11-04,,trading,4
MOCA,binance,MOCAUSDT,1,2024-12-16,,trading,4
MOG,binance,1000000MOGUSDT,1000000,2024-11-07,,trading,4
MON,binance,MONUSDT,1,2025-10-10,,trading,4
MOODENG,binance,MOODENGUSDT,1,2024-10-25,,trading,4
MORPHO,binance,MORPHOUSDT,1,2024-11-27,,trading,4
MOVE,binance,MOVEUSDT,1,2024-12-09,,trading,4
MOVR,binance,MOVRUSDT,1,2023-12-26,,trading,4
MTL,binance,MTLUSDT,1,2021-03-31,,trading,8
MUBARAK,binance,MUBARAKUSDT,1,2025-03-17,,trading,4
MYRO,binance,MYROUSDT,1,2024-03-05,,delisted,8
MYX,binance,MYXUSDT,1,2025-06-18,,trading,4
NAORIS,binance,NAORISUSDT,1,2025-07-31,,trading,4
NEAR,binance,NEARUSDT,1,2020-10-15,,trading,8
NEIRO,binance,NEIROUSDT,1,2024-09-16,,trading,4
NEIROETH,binance,NEIROETHUSDT,1,2024-09-06,,delisted,8
NEO,binance,NEOUSDT,1,2020-02-17,,trading,8
NEWT,binance,NEWTUSDT,1,2025-06-19,,trading,4
NFP,binance,NFPUSDT,1,2023-12-27,,delisted,8
NIGHT,binance,NIGHTUSDT,1,2025-12-10,,trading,4
NIL,binance,NILUSDT,1,2025-03-24,,trading,4
NKN,binance,NKNUSDT,1,2021-04-08,,delisted,8
NMR,binance,NMRUSDT,1,2023-06-22,,trading,4
NOM,binance,NOMUSDT,1,2025-10-01,,trading,4
NOT,binance,NOTUSDT,1,2024-05-16,,trading,4
NTRN,binance,NTRNUSDT,1,2023-11-14,,delisted,8
NU,binance,NUUSDT,1,,,delisted,8
NULS,binance,NULSUSDT,1,2024-08-26,,delisted,8
NXPC,binance,NXPCUSDT,1,2025-05-15,,trading,4
O,binance,OUSDT,1,2026-06-24,,trading,4
OBOL,binance,OBOLUSDT,1,2025-05-07,,delisted,8
OCEAN,binance,OCEANUSDT,1,2020-11-03,,delisted,8
OG,binance,OGUSDT,1,2025-05-12,,trading,4
OGN,binance,OGNUSDT,1,2021-03-31,,trading,4
OL,binance,OLUSDT,1,2025-06-25,,delisted,8
OM,binance,OMUSDT,1,2024-02-13,,delisted,8
OMG,binance,OMGUSDT,1,2020-07-02,,delisted,8
OMNI,binance,OMNIUSDT,1,2024-04-17,,delisted,8
ON,binance,ONUSDT,1,2025-10-24,,trading,4
ONDO,binance,ONDOUSDT,1,2024-01-20,,trading,4
ONE,binance,ONEUSDT,1,2021-03-17,,trading,8
ONG,binance,ONGUSDT,1,2023-11-27,,trading,4
ONT,binance,ONTUSDT,1,2020-02-11,,trading,4
OP,binance,OPUSDT,1,2022-06-01,,trading,8
OPEN,binance,OPENUSDT,1,2025-09-08,,trading,4
OPG,binance,OPGUSDT,1,2026-04-22,,trading,4
OPN,binance,OPNUSDT,1,2026-02-21,,trading,4
ORBS,binance,ORBSUSDT,1,2023-10-17,,delisted,8
ORCA,binance,ORCAUSDT,1,2024-12-06,,trading,4
ORDER,binance,ORDERUSDT,1,2025-09-26,,trading,4
ORDI,binance,ORDIUSDT,1,2023-11-07,,trading,4
OXT,binance,OXTUSDT,1,2023-08-11,,delisted,8
PARTI,binance,PARTIUSDT,1,2025-03-25,,trading,4
PAXG,binance,PAXGUSDT,1,2025-03-27,,trading,4
PENDLE,binance,PENDLEUSDT,1,2023-07-28,,trading,8
PENGU,binance,PENGUUSDT,1,2024-12-17,,trading,4
PEOPLE,binance,PEOPLEUSDT,1,2021-12-23,,trading,8
PEPE,binance,1000PEPEUSDT,1000,2023-05-05,,trading,8
PERP,binance,PERPUSDT,1,2023-03-05,,delisted,8
PHA,binance,PHAUSDT,1,2024-12-30,,trading,4
PHAROS,binance,PHAROSUSDT,1,2026-05-14,,trading,4
PHB,binance,PHBUSDT,1,2023-02-15,,delisted,8
PIEVERSE,binance,PIEVERSEUSDT,1,2025-11-14,,trading,4
PIPPIN,binance,PIPPINUSDT,1,2025-01-24,,trading,4
PIXEL,binance,PIXELUSDT,1,2024-02-19,,trading,4
PLAY,binance,PLAYUSDT,1,2025-07-31,,trading,4
PLUME,binance,PLUMEUSDT,1,2025-03-21,,trading,4
PNUT,binance,PNUTUSDT,1,2024-11-11,,trading,4
POL,binance,POLUSDT,1,2024-09-13,,trading,4
POLYX,binance,POLYXUSDT,1,2023-10-25,,trading,4
PONKE,binance,PONKEUSDT,1,2024-11-04,,delisted,8
POPCAT,binance,POPCATUSDT,1,2024-08-22,,trading,4
PORT3,binance,PORT3USDT,1,2025-06-04,,delisted,8
PORTAL,binance,PORTALUSDT,1,2024-02-29,,trading,4
POWER,binance,POWERUSDT,1,2025-12-06,,trading,4
POWR,binance,POWRUSDT,1,2023-10-27,,trading,4
PRL,binance,PRLUSDT,1,2026-04-01,,trading,4
PROM,binance,PROMUSDT,1,2025-01-15,,trading,4
PROMPT,binance,PROMPTUSDT,1,2025-04-11,,trading,4
PROVE,binance,PROVEUSDT,1,2025-08-05,,trading,4
PTB,binance,PTBUSDT,1,2025-09-03,,trading,4
PUFFER,binance,PUFFERUSDT,1,2025-06-04,,delisted,8
PUMP,binance,PUMPUSDT,1,2025-07-10,,trading,4
PUMPBTC,binance,PUMPBTCUSDT,1,2025-06-13,,trading,4
PUNDIX,binance,PUNDIXUSDT,1,2025-04-30,,trading,4
PYTH,binance,PYTHUSDT,1,2023-11-22,,trading,4
Q,binance,QUSDT,1,2025-09-02,,trading,4
QNT,binance,QNTUSDT,1,2022-10-18,,trading,8
QTUM,binance,QTUMUSDT,1,2020-02-20,,trading,8
QUICK,binance,QUICKUSDT,1,2024-09-06,,delisted,8
RAD,binance,RADUSDT,1,2023-05-09,,delisted,8
RARE,binance,RAREUSDT,1,2024-08-15,,trading,4
RATS,binance,1000RATSUSDT,1000,2023-12-15,,trading,4
RAVE,binance,RAVEUSDT,1,2025-12-14,,trading,4
RAY,binance,RAYUSDT,1,2021-08-18,,delisted,8
RAYSOL,binance,RAYSOLUSDT,1,2024-12-10,,trading,4
RDNT,binance,RDNTUSDT,1,2023-04-04,,delisted,8
RE,binance,REUSDT,1,2026-06-18,,trading,4
RECALL,binance,RECALLUSDT,1,2025-10-15,,trading,4
RED,binance,REDUSDT,1,2025-03-06,,trading,4
REEF,binance,REEFUSDT,1,2021-01-25,,delisted,8
REI,binance,REIUSDT,1,2024-09-27,,delisted,8
REN,binance,RENUSDT,1,2020-10-13,,delisted,8
RENDER,binance,RENDERUSDT,1,2024-07-26,,trading,4
RESOLV,binance,RESOLVUSDT,1,2025-06-10,,trading,4
REZ,binance,REZUSDT,1,2024-04-30,,trading,4
RIF,binance,RIFUSDT,1,2023-10-21,,trading,4
RIVER,binance,RIVERUSDT,1,2025-10-17,,trading,4
RLC,binance,RLCUSDT,1,2020-07-31,,trading,8
RLS,binance,RLSUSDT,1,2025-12-02,,delisted,8
RNDR,binance,RNDRUSDT,1,,,delisted,8
ROBO,binance,ROBOUSDT,1,2026-02-27,,trading,4
RONIN,binance,RONINUSDT,1,2024-02-06,,trading,4
ROSE,binance,ROSEUSDT,1,2021-12-31,,trading,8
RPL,binance,RPLUSDT,1,2024-09-09,,trading,4
RSR,binance,RSRUSDT,1,2020-10-19,,trading,8
RUNE,binance,RUNEUSDT,1,2020-09-04,,trading,8
RVN,binance,RVNUSDT,1,2021-02-23,,trading,4
RVV,binance,RVVUSDT,1,2025-10-18,,delisted,8
S,binance,SUSDT,1,2025-01-16,,trading,4
SAFE,binance,SAFEUSDT,1,2024-10-25,,trading,4
SAGA,binance,SAGAUSDT,1,2024-04-09,,trading,4
SAHARA,binance,SAHARAUSDT,1,2025-06-26,,trading,4
SAND,binance,SANDUSDT,1,2021-01-18,,trading,8
SANTOS,binance,SANTOSUSDT,1,2024-10-28,,trading,4
SAPIEN,binance,SAPIENUSDT,1,2025-08-20,,trading,4
SATS,binance,1000SATSUSDT,1000,2023-12-12,,trading,4
SC,binance,SCUSDT,1,2021-04-12,,delisted,8
SCR,binance,SCRUSDT,1,2024-10-22,,trading,4
SCRT,binance,SCRTUSDT,1,2024-11-21,,trading,4
SEI,binance,SEIUSDT,1,2023-08-17,,trading,8
SENT,binance,SENTUSDT,1,2025-11-14,,trading,4
SFP,binance,SFPUSDT,1,2021-02-24,,trading,8
SHELL,binance,SHELLUSDT,1,2025-02-17,,trading,4
SHIB,binance,1000SHIBUSDT,1000,2021-05-10,,trading,8
SIGN,binance,SIGNUSDT,1,2025-04-28,,trading,4
SIREN,binance,SIRENUSDT,1,2025-03-22,,trading,4
SKATE,binance,SKATEUSDT,1,2025-06-09,,delisted,8
SKL,binance,SKLUSDT,1,2020-08-24,,trading,4
SKR,binance,SKRUSDT,1,2026-01-22,,trading,4
SKY,binance,SKYUSDT,1,2025-09-09,,trading,4
SKYAI,binance,SKYAIUSDT,1,2025-05-13,,trading,4
SLERF,binance,SLERFUSDT,1,2024-11-21,,delisted,8
SLP,binance,SLPUSDT,1,2025-07-23,,trading,4
SLX,binance,SLXUSDT,1,2026-06-01,,trading,4
SNT,binance,SNTUSDT,1,2023-11-02,,delisted,8
SNX,binance,SNXUSDT,1,2020-08-14,,trading,8
SOL,binance,SOLUSDT,1,2020-09-14,,trading,8
SOLV,binance,SOLVUSDT,1,2025-01-17,,trading,4
SOMI,binance,SOMIUSDT,1,2025-08-25,,trading,4
SONIC,binance,SONICUSDT,1,2025-01-08,,trading,4
SOON,binance,SOONUSDT,1,2025-05-23,,trading,4
SOPH,binance,SOPHUSDT,1,2025-05-28,,trading,4
SPACE,binance,SPACEUSDT,1,2026-01-23,,trading,4
SPELL,binance,SPELLUSDT,1,2022-09-05,,trading,8
SPK,binance,SPKUSDT,1,2025-06-17,,trading,4
SPORTFUN,binance,SPORTFUNUSDT,1,2026-01-16,,trading,4
SPX,binance,SPXUSDT,1,2024-12-10,,trading,4
SQD,binance,SQDUSDT,1,2025-06-11,,trading,4
SRM,binance,SRMUSDT,1,,,delisted,8
SSV,binance,SSVUSDT,1,2023-02-23,,trading,8
STABLE,binance,STABLEUSDT,1,2025-11-06,,trading,4
STAR,binance,STARUSDT,1,2026-05-14,,trading,4
STBL,binance,STBLUSDT,1,2025-09-17,,trading,4
STEEM,binance,STEEMUSDT,1,2023-11-08,,trading,4
STG,binance,STGUSDT,1,2022-08-24,,trading,4
STMX,binance,STMXUSDT,1,2021-03-17,,delisted,8
STO,binance,STOUSDT,1,2025-04-12,,trading,4
STORJ,binance,STORJUSDT,1,2020-09-16,,trading,4
STPT,binance,STPTUSDT,1,2023-10-18,,delisted,8
STRAX,binance,STRAXUSDT,1,2023-10-11,,delisted,8
STRK,binance,STRKUSDT,1,2024-02-20,,trading,4
STX,binance,STXUSDT,1,2023-02-20,,trading,8
SUI,binance,SUIUSDT,1,2023-05-03,,trading,8
SUN,binance,SUNUSDT,1,2024-08-22,,trading,4
SUPER,binance,SUPERUSDT,1,2023-11-26,,trading,4
SUSHI,binance,SUSHIUSDT,1,2020-09-04,,trading,8
SWARMS,binance,SWARMSUSDT,1,2025-01-07,,trading,4
SWELL,binance,SWELLUSDT,1,2024-11-08,,delisted,8
SXP,binance,SXPUSDT,1,,,delisted,8
SXT,binance,SXTUSDT,1,2025-05-02,,trading,4
SYN,binance,SYNUSDT,1,2024-08-16,,trading,4
SYRUP,binance,SYRUPUSDT,1,2025-05-07,,trading,4
SYS,binance,SYSUSDT,1,2024-08-19,,delisted,8
T,binance,TUSDT,1,2023-01-31,,trading,1
TA,binance,TAUSDT,1,2025-07-21,,trading,4
TAC,binance,TACUSDT,1,2025-07-15,,trading,4
TAG,binance,TAGUSDT,1,2025-07-25,,trading,4
TAIKO,binance,TAIKOUSDT,1,2025-06-11,,trading,4
TAKE,binance,TAKEUSDT,1,2025-09-03,,trading,4
TANSSI,binance,TANSSIUSDT,1,2025-07-09,,delisted,8
TAO,binance,TAOUSDT,1,2024-04-11,,trading,4
THE,binance,THEUSDT,1,2024-11-27,,trading,4
THETA,binance,THETAUSDT,1,2020-05-27,,trading,8
TIA,binance,TIAUSDT,1,2023-10-31,,trading,4
TLM,binance,TLMUSDT,1,2023-03-29,,trading,4
TNSR,binance,TNSRUSDT,1,2024-04-08,,trading,4
TOKEN,binance,TOKENUSDT,1,2023-11-03,,delisted,8
TOMO,binance,TOMOUSDT,1,,,delisted,8
TON,binance,TONUSDT,1,2024-03-01,,delisted,8
TOSHI,binance,TOSHIUSDT,1,2025-09-17,,trading,4
TOWNS,binance,TOWNSUSDT,1,2025-08-05,,trading,4
TRADOOR,binance,TRADOORUSDT,1,2025-09-19,,trading,4
TRB,binance,TRBUSDT,1,2020-09-03,,trading,4
TREE,binance,TREEUSDT,1,2025-07-29,,trading,4
TRIA,binance,TRIAUSDT,1,2026-02-06,,trading,4
TROY,binance,TROYUSDT,1,2024-10-31,,delisted,8
TRU,binance,TRUUSDT,1,2023-03-06,,delisted,8
TRUMP,binance,TRUMPUSDT,1,2025-01-18,,trading,4
TRUST,binance,TRUSTUSDT,1,2025-11-05,,trading,4
TRUTH,binance,TRUTHUSDT,1,2025-10-01,,trading,4
TRX,binance,TRXUSDT,1,2020-01-15,,trading,8
TST,binance,TSTUSDT,1,2025-02-09,,trading,4
TURBO,binance,TURBOUSDT,1,2024-05-30,,trading,4
TURTLE,binance,TURTLEUSDT,1,2025-10-22,,trading,4
TUT,binance,TUTUSDT,1,2025-03-20,,trading,4
TWT,binance,TWTUSDT,1,2023-11-03,,trading,4
UAI,binance,UAIUSDT,1,2025-11-06,,trading,4
UB,binance,UBUSDT,1,2025-09-12,,trading,4
UMA,binance,UMAUSDT,1,2023-05-09,,trading,4
UNFI,binance,UNFIUSDT,1,2021-02-09,,delisted,8
UNI,binance,UNIUSDT,1,2020-09-18,,trading,8
US,binance,USUSDT,1,2025-12-12,,trading,4
USDC,binance,USDCUSDT,1,2023-03-12,,trading,8
USELESS,binance,USELESSUSDT,1,2025-08-15,,trading,4
USTC,binance,USTCUSDT,1,2023-11-27,,trading,4
USUAL,binance,USUALUSDT,1,2024-12-18,,trading,4
UXLINK,binance,UXLINKUSDT,1,2024-09-15,,delisted,8
VANA,binance,VANAUSDT,1,2024-12-16,,trading,4
VANRY,binance,VANRYUSDT,1,2024-03-13,,trading,4
VELODROME,binance,VELODROMEUSDT,1,2024-12-13,,trading,4
VELVET,binance,VELVETUSDT,1,2025-07-15,,trading,4
VET,binance,VETUSDT,1,2020-02-14,,trading,8
VFY,binance,VFYUSDT,1,2025-09-30,,delisted,8
VIC,binance,VICUSDT,1,2025-03-12,,trading,4
VIDT,binance,VIDTUSDT,1,2024-08-23,,delisted,8
VINE,binance,VINEUSDT,1,2025-01-24,,delisted,8
VIRTUAL,binance,VIRTUALUSDT,1,2024-12-10,,trading,4
VOXEL,binance,VOXELUSDT,1,2024-08-20,,delisted,8
VTHO,binance,VTHOUSDT,1,2025-01-22,,trading,4
VVV,binance,VVVUSDT,1,2025-01-29,,trading,4
W,binance,WUSDT,1,2024-04-03,,trading,4
WAL,binance,WALUSDT,1,2025-03-27,,trading,4
WAVES,binance,WAVESUSDT,1,2020-08-12,,delisted,8
WAXP,binance,WAXPUSDT,1,2023-10-18,,trading,4
WCT,binance,WCTUSDT,1,2025-04-15,,trading,4
WET,binance,WETUSDT,1,2025-12-10,,trading,4
WHY,binance,1000WHYUSDT,1000,2024-11-25,,delisted,8
WIF,binance,WIFUSDT,1,2024-01-18,,trading,4
WLD,binance,WLDUSDT,1,2023-07-24,,trading,8
WLFI,binance,WLFIUSDT,1,2025-08-23,,trading,4
WOO,binance,WOOUSDT,1,2022-04-07,,trading,8
X,binance,1000XUSDT,1000,2024-11-13,,delisted,8
XAI,binance,XAIUSDT,1,2024-01-09,,trading,4
XAN,binance,XANUSDT,1,2025-09-29,,trading,4
XAUT,binance,XAUTUSDT,1,2026-03-26,,trading,4
XCN,binance,XCNUSDT,1,2025-04-11,,delisted,8
XEC,binance,1000XECUSDT,1000,2021-09-16,,trading,1
XEM,binance,XEMUSDT,1,2021-03-02,,delisted,8
XLM,binance,XLMUSDT,1,2020-01-20,,trading,8
XMR,binance,XMRUSDT,1,2020-02-03,,trading,8
XNY,binance,XNYUSDT,1,2025-08-13,,trading,4
XPIN,binance,XPINUSDT,1,2025-09-12,,trading,4
XPL,binance,XPLUSDT,1,2025-08-22,,trading,4
XRP,binance,XRPUSDT,1,2020-01-06,,trading,8
XTZ,binance,XTZUSDT,1,2020-02-06,,trading,4
XVG,binance,XVGUSDT,1,2023-07-05,,trading,8
XVS,binance,XVSUSDT,1,2023-04-12,,trading,8
YALA,binance,YALAUSDT,1,2025-08-07,,delisted,8
YB,binance,YBUSDT,1,2025-10-10,,trading,4
YFI,binance,YFIUSDT,1,2020-08-31,,trading,8
YFII,binance,YFIIUSDT,1,,,delisted,8
YGG,binance,YGGUSDT,1,2023-08-05,,trading,4
ZAMA,binance,ZAMAUSDT,1,2026-01-09,,trading,4
ZBT,binance,ZBTUSDT,1,2025-10-17,,trading,4
ZEC,binance,ZECUSDT,1,2020-02-05,,trading,8
ZEN,binance,ZENUSDT,1,2020-11-24,,trading,8
ZEREBRO,binance,ZEREBROUSDT,1,2025-01-02,,trading,4
ZEST,binance,ZESTUSDT,1,2026-06-04,,trading,4
ZETA,binance,ZETAUSDT,1,2024-02-02,,trading,4
ZIL,binance,ZILUSDT,1,2020-06-18,,trading,4
ZK,binance,ZKUSDT,1,2024-06-17,,trading,4
ZKC,binance,ZKCUSDT,1,2025-09-15,,trading,4
ZKJ,binance,ZKJUSDT,1,2025-05-13,,delisted,8
ZKP,binance,ZKPUSDT,1,2025-12-21,,trading,4
ZORA,binance,ZORAUSDT,1,2025-07-25,,trading,4
ZRC,binance,ZRCUSDT,1,2025-07-29,,delisted,8
ZRO,binance,ZROUSDT,1,2024-06-20,,trading,4
ZRX,binance,ZRXUSDT,1,2020-06-24,,trading,4
币安人生,binance,币安人生USDT,1,2025-10-20,,trading,4
我踏马来了,binance,我踏马来了USDT,1,2026-01-21,,trading,4
龙虾,binance,龙虾USDT,1,2026-03-11,,trading,4
0G,hyperliquid,0G,1,,,trading,1
2Z,hyperliquid,2Z,1,,,trading,1
AAVE,hyperliquid,AAVE,1,,,trading,1
ACE,hyperliquid,ACE,1,,,trading,1
ADA,hyperliquid,ADA,1,,,trading,1
AERO,hyperliquid,AERO,1,,,trading,1
AI,hyperliquid,AI,1,,,delisted,1
AI16Z,hyperliquid,AI16Z,1,,,delisted,1
AIXBT,hyperliquid,AIXBT,1,,,trading,1
ALGO,hyperliquid,ALGO,1,,,trading,1
ALT,hyperliquid,ALT,1,,,trading,1
ANIME,hyperliquid,ANIME,1,,,trading,1
APE,hyperliquid,APE,1,,,trading,1
APEX,hyperliquid,APEX,1,,,trading,1
APT,hyperliquid,APT,1,,,trading,1
AR,hyperliquid,AR,1,,,trading,1
ARB,hyperliquid,ARB,1,,,trading,1
ARK,hyperliquid,ARK,1,,,delisted,1
ASTER,hyperliquid,ASTER,1,,,trading,1
ATOM,hyperliquid,ATOM,1,,,trading,1
AVAX,hyperliquid,AVAX,1,,,trading,1
AVNT,hyperliquid,AVNT,1,,,trading,1
AXS,hyperliquid,AXS,1,,,trading,1
AZTEC,hyperliquid,AZTEC,1,,,trading,1
BABY,hyperliquid,BABY,1,,,trading,1
BADGER,hyperliquid,BADGER,1,,,delisted,1
BANANA,hyperliquid,BANANA,1,,,trading,1
BCH,hyperliquid,BCH,1,,,trading,1
BERA,hyperliquid,BERA,1,,,trading,1
BIGTIME,hyperliquid,BIGTIME,1,,,trading,1
BIO,hyperliquid,BIO,1,,,trading,1
BLAST,hyperliquid,BLAST,1,,,delisted,1
BLUR,hyperliquid,BLUR,1,,,trading,1
BLZ,hyperliquid,BLZ,1,,,delisted,1
BNB,hyperliquid,BNB,1,,,trading,1
BNT,hyperliquid,BNT,1,,,delisted,1
BOME,hyperliquid,BOME,1,,,trading,1
BONK,hyperliquid,kBONK,1000,,,trading,1
BRETT,hyperliquid,BRETT,1,,,trading,1
BSV,hyperliquid,BSV,1,,,trading,1
BTC,hyperliquid,BTC,1,,,trading,1
CAKE,hyperliquid,CAKE,1,,,trading,1
CANTO,hyperliquid,CANTO,1,,,delisted,1
CASHCAT,hyperliquid,CASHCAT,1,,,trading,1
CATI,hyperliquid,CATI,1,,,delisted,1
CC,hyperliquid,CC,1,,,trading,1
CELO,hyperliquid,CELO,1,,,trading,1
CFX,hyperliquid,CFX,1,,,trading,1
CHILLGUY,hyperliquid,CHILLGUY,1,,,delisted,1
CHIP,hyperliquid,CHIP,1,,,trading,1
COMP,hyperliquid,COMP,1,,,trading,1
CRV,hyperliquid,CRV,1,,,trading,1
CYBER,hyperliquid,CYBER,1,,,delisted,1
DASH,hyperliquid,DASH,1,,,trading,1
DOGE,hyperliquid,DOGE,1,,,trading,1
DOGS,hyperliquid,kDOGS,1000,,,delisted,1
DOOD,hyperliquid,DOOD,1,,,delisted,1
DOT,hyperliquid,DOT,1,,,trading,1
DYDX,hyperliquid,DYDX,1,,,trading,1
DYM,hyperliquid,DYM,1,,,trading,1
EIGEN,hyperliquid,EIGEN,1,,,trading,1
ENA,hyperliquid,ENA,1,,,trading,1
ENS,hyperliquid,ENS,1,,,trading,1
ETC,hyperliquid,ETC,1,,,trading,1
ETH,hyperliquid,ETH,1,,,trading,1
ETHFI,hyperliquid,ETHFI,1,,,trading,1
FARTCOIN,hyperliquid,FARTCOIN,1,,,trading,1
FET,hyperliquid,FET,1,,,trading,1
FIL,hyperliquid,FIL,1,,,trading,1
FLOKI,hyperliquid,kFLOKI,1000,,,trading,1
FOGO,hyperliquid,FOGO,1,,,trading,1
FRIEND,hyperliquid,FRIEND,1,,,delisted,1
FTM,hyperliquid,FTM,1,,,delisted,1
FTT,hyperliquid,FTT,1,,,delisted,1
FXS,hyperliquid,FXS,1,,,delisted,1
GALA,hyperliquid,GALA,1,,,trading,1
GAS,hyperliquid,GAS,1,,,trading,1
GMT,hyperliquid,GMT,1,,,trading,1
GMX,hyperliquid,GMX,1,,,trading,1
GOAT,hyperliquid,GOAT,1,,,trading,1
GRAM,hyperliquid,GRAM,1,,,trading,1
GRASS,hyperliquid,GRASS,1,,,trading,1
GRIFFAIN,hyperliquid,GRIFFAIN,1,,,trading,1
HBAR,hyperliquid,HBAR,1,,,trading,1
HEMI,hyperliquid,HEMI,1,,,trading,1
HMSTR,hyperliquid,HMSTR,1,,,trading,1
HPOS,hyperliquid,HPOS,1,,,delisted,1
HYPE,hyperliquid,HYPE,1,,,trading,1
HYPER,hyperliquid,HYPER,1,,,trading,1
ICP,hyperliquid,ICP,1,,,trading,1
ILV,hyperliquid,ILV,1,,,delisted,1
IMX,hyperliquid,IMX,1,,,trading,1
INIT,hyperliquid,INIT,1,,,trading,1
INJ,hyperliquid,INJ,1,,,trading,1
IO,hyperliquid,IO,1,,,trading,1
IOTA,hyperliquid,IOTA,1,,,trading,1
IP,hyperliquid,IP,1,,,delisted,1
JELLY,hyperliquid,JELLY,1,,,delisted,1
JTO,hyperliquid,JTO,1,,,trading,1
JUP,hyperliquid,JUP,1,,,trading,1
KAITO,hyperliquid,KAITO,1,,,trading,1
KAS,hyperliquid,KAS,1,,,trading,1
LAUNCHCOIN,hyperliquid,LAUNCHCOIN,1,,,delisted,1
LAYER,hyperliquid,LAYER,1,,,trading,1
LDO,hyperliquid,LDO,1,,,trading,1
LINEA,hyperliquid,LINEA,1,,,trading,1
LINK,hyperliquid,LINK,1,,,trading,1
LISTA,hyperliquid,LISTA,1,,,delisted,1
LIT,hyperliquid,LIT,1,,,trading,1
LOOM,hyperliquid,LOOM,1,,,delisted,1
LTC,hyperliquid,LTC,1,,,trading,1
LUNC,hyperliquid,kLUNC,1000,,,trading,1
MANTA,hyperliquid,MANTA,1,,,trading,1
MATIC,hyperliquid,MATIC,1,,,delisted,1
MAV,hyperliquid,MAV,1,,,delisted,1
MAVIA,hyperliquid,MAVIA,1,,,delisted,1
ME,hyperliquid,ME,1,,,trading,1
MEGA,hyperliquid,MEGA,1,,,trading,1
MELANIA,hyperliquid,MELANIA,1,,,trading,1
MEME,hyperliquid,MEME,1,,,trading,1
MERL,hyperliquid,MERL,1,,,trading,1
MET,hyperliquid,MET,1,,,trading,1
MEW,hyperliquid,MEW,1,,,delisted,1
MINA,hyperliquid,MINA,1,,,trading,1
MKR,hyperliquid,MKR,1,,,delisted,1
MNT,hyperliquid,MNT,1,,,trading,1
MON,hyperliquid,MON,1,,,trading,1
MOODENG,hyperliquid,MOODENG,1,,,trading,1
MORPHO,hyperliquid,MORPHO,1,,,trading,1
MOVE,hyperliquid,MOVE,1,,,trading,1
MYRO,hyperliquid,MYRO,1,,,delisted,1
NEAR,hyperliquid,NEAR,1,,,trading,1
NEIRO,hyperliquid,kNEIRO,1000,,,trading,1
NEIROETH,hyperliquid,NEIROETH,1,,,delisted,1
NEO,hyperliquid,NEO,1,,,trading,1
NFTI,hyperliquid,NFTI,1,,,delisted,1
NIL,hyperliquid,NIL,1,,,trading,1
NOT,hyperliquid,NOT,1,,,trading,1
NTRN,hyperliquid,NTRN,1,,,delisted,1
NXPC,hyperliquid,NXPC,1,,,trading,1
OGN,hyperliquid,OGN,1,,,delisted,1
OM,hyperliquid,OM,1,,,delisted,1
OMNI,hyperliquid,OMNI,1,,,delisted,1
ONDO,hyperliquid,ONDO,1,,,trading,1
OP,hyperliquid,OP,1,,,trading,1
ORBS,hyperliquid,ORBS,1,,,delisted,1
ORDI,hyperliquid,ORDI,1,,,trading,1
OX,hyperliquid,OX,1,,,delisted,1
PANDORA,hyperliquid,PANDORA,1,,,delisted,1
PAXG,hyperliquid,PAXG,1,,,trading,1
PENDLE,hyperliquid,PENDLE,1,,,trading,1
PENGU,hyperliquid,PENGU,1,,,trading,1
PEOPLE,hyperliquid,PEOPLE,1,,,trading,1
PEPE,hyperliquid,kPEPE,1000,,,trading,1
PIXEL,hyperliquid,PIXEL,1,,,delisted,1
PNUT,hyperliquid,PNUT,1,,,trading,1
POL,hyperliquid,POL,1,,,trading,1
POLYX,hyperliquid,POLYX,1,,,trading,1
POPCAT,hyperliquid,POPCAT,1,,,trading,1
PROMPT,hyperliquid,PROMPT,1,,,delisted,1
PROVE,hyperliquid,PROVE,1,,,trading,1
PUMP,hyperliquid,PUMP,1,,,trading,1
PURR,hyperliquid,PURR,1,,,trading,1
PYTH,hyperliquid,PYTH,1,,,trading,1
RDNT,hyperliquid,RDNT,1,,,delisted,1
RENDER,hyperliquid,RENDER,1,,,trading,1
REQ,hyperliquid,REQ,1,,,delisted,1
RESOLV,hyperliquid,RESOLV,1,,,trading,1
REZ,hyperliquid,REZ,1,,,trading,1
RLB,hyperliquid,RLB,1,,,delisted,1
RNDR,hyperliquid,RNDR,1,,,delisted,1
RSR,hyperliquid,RSR,1,,,trading,1
RUNE,hyperliquid,RUNE,1,,,trading,1
S,hyperliquid,S,1,,,trading,1
SAGA,hyperliquid,SAGA,1,,,trading,1
SAND,hyperliquid,SAND,1,,,trading,1
SCR,hyperliquid,SCR,1,,,delisted,1
SEI,hyperliquid,SEI,1,,,trading,1
SHIA,hyperliquid,SHIA,1,,,delisted,1
SHIB,hyperliquid,kSHIB,1000,,,trading,1
SKR,hyperliquid,SKR,1,,,trading,1
SKY,hyperliquid,SKY,1,,,trading,1
SNX,hyperliquid,SNX,1,,,trading,1
SOL,hyperliquid,SOL,1,,,trading,1
SOPH,hyperliquid,SOPH,1,,,trading,1
SPX,hyperliquid,SPX,1,,,trading,1
STABLE,hyperliquid,STABLE,1,,,trading,1
STBL,hyperliquid,STBL,1,,,trading,1
STG,hyperliquid,STG,1,,,delisted,1
STRAX,hyperliquid,STRAX,1,,,delisted,1
STRK,hyperliquid,STRK,1,,,trading,1
STX,hyperliquid,STX,1,,,trading,1
SUI,hyperliquid,SUI,1,,,trading,1
SUPER,hyperliquid,SUPER,1,,,trading,1
SUSHI,hyperliquid,SUSHI,1,,,trading,1
SYRUP,hyperliquid,SYRUP,1,,,trading,1
TAO,hyperliquid,TAO,1,,,trading,1
TIA,hyperliquid,TIA,1,,,trading,1
TNSR,hyperliquid,TNSR,1,,,trading,1
TON,hyperliquid,TON,1,,,delisted,1
TRB,hyperliquid,TRB,1,,,trading,1
TRUMP,hyperliquid,TRUMP,1,,,trading,1
TRX,hyperliquid,TRX,1,,,trading,1
TST,hyperliquid,TST,1,,,delisted,1
TURBO,hyperliquid,TURBO,1,,,trading,1
UMA,hyperliquid,UMA,1,,,trading,1
UNI,hyperliquid,UNI,1,,,trading,1
UNIBOT,hyperliquid,UNIBOT,1,,,delisted,1
USTC,hyperliquid,USTC,1,,,delisted,1
USUAL,hyperliquid,USUAL,1,,,trading,1
VINE,hyperliquid,VINE,1,,,trading,1
VIRTUAL,hyperliquid,VIRTUAL,1,,,trading,1
VVV,hyperliquid,VVV,1,,,trading,1
W,hyperliquid,W,1,,,trading,1
WCT,hyperliquid,WCT,1,,,trading,1
WIF,hyperliquid,WIF,1,,,trading,1
WLD,hyperliquid,WLD,1,,,trading,1
WLFI,hyperliquid,WLFI,1,,,trading,1
XAI,hyperliquid,XAI,1,,,trading,1
XLM,hyperliquid,XLM,1,,,trading,1
XMR,hyperliquid,XMR,1,,,trading,1
XPL,hyperliquid,XPL,1,,,trading,1
XRP,hyperliquid,XRP,1,,,trading,1
YGG,hyperliquid,YGG,1,,,trading,1
YZY,hyperliquid,YZY,1,,,delisted,1
ZEC,hyperliquid,ZEC,1,,,trading,1
ZEN,hyperliquid,ZEN,1,,,trading,1
ZEREBRO,hyperliquid,ZEREBRO,1,,,delisted,1
ZETA,hyperliquid,ZETA,1,,,trading,1
ZK,hyperliquid,ZK,1,,,trading,1
ZORA,hyperliquid,ZORA,1,,,trading,1
ZRO,hyperliquid,ZRO,1,,,trading,1
